[
{
  "model": "admin.logentry",
  "pk": 1,
  "fields": {
    "action_time": "2023-11-24T11:26:39.215Z",
    "user": 2,
    "content_type": 7,
    "object_id": "1",
    "object_repr": "Новость: Новость 1 от 2023-11-24 11:25:12+00:00",
    "action_flag": 1,
    "change_message": "[{\"added\": {}}]"
  }
},
{
  "model": "admin.logentry",
  "pk": 2,
  "fields": {
    "action_time": "2023-11-24T11:29:29.965Z",
    "user": 2,
    "content_type": 7,
    "object_id": "2",
    "object_repr": "Новость: Новость 2 от 2023-11-24 11:28:07+00:00",
    "action_flag": 1,
    "change_message": "[{\"added\": {}}]"
  }
},
{
  "model": "admin.logentry",
  "pk": 3,
  "fields": {
    "action_time": "2023-11-27T11:23:07.466Z",
    "user": 2,
    "content_type": 8,
    "object_id": "2",
    "object_repr": "admin's account",
    "action_flag": 1,
    "change_message": "[{\"added\": {}}]"
  }
},
{
  "model": "admin.logentry",
  "pk": 4,
  "fields": {
    "action_time": "2023-11-27T11:23:29.708Z",
    "user": 2,
    "content_type": 8,
    "object_id": "2",
    "object_repr": "admin's account",
    "action_flag": 2,
    "change_message": "[{\"changed\": {\"fields\": [\"Account image\"]}}]"
  }
},
{
  "model": "admin.logentry",
  "pk": 5,
  "fields": {
    "action_time": "2023-11-27T11:28:00.411Z",
    "user": 2,
    "content_type": 8,
    "object_id": "2",
    "object_repr": "admin's account",
    "action_flag": 2,
    "change_message": "[]"
  }
},
{
  "model": "admin.logentry",
  "pk": 6,
  "fields": {
    "action_time": "2023-11-27T12:55:22.074Z",
    "user": 2,
    "content_type": 4,
    "object_id": "3",
    "object_repr": "DemoUser",
    "action_flag": 1,
    "change_message": "[{\"added\": {}}]"
  }
},
{
  "model": "admin.logentry",
  "pk": 7,
  "fields": {
    "action_time": "2023-11-27T12:55:40.112Z",
    "user": 2,
    "content_type": 8,
    "object_id": "3",
    "object_repr": "DemoUser's account",
    "action_flag": 1,
    "change_message": "[{\"added\": {}}]"
  }
},
{
  "model": "admin.logentry",
  "pk": 8,
  "fields": {
    "action_time": "2023-11-27T12:55:44.035Z",
    "user": 2,
    "content_type": 8,
    "object_id": "3",
    "object_repr": "DemoUser's account",
    "action_flag": 2,
    "change_message": "[]"
  }
},
{
  "model": "admin.logentry",
  "pk": 9,
  "fields": {
    "action_time": "2023-11-27T13:08:59.369Z",
    "user": 2,
    "content_type": 7,
    "object_id": "3",
    "object_repr": "Новость: Новость 3 от 2023-11-27 13:07:44+00:00",
    "action_flag": 1,
    "change_message": "[{\"added\": {}}]"
  }
},
{
  "model": "admin.logentry",
  "pk": 10,
  "fields": {
    "action_time": "2023-11-30T09:57:17.605Z",
    "user": 2,
    "content_type": 9,
    "object_id": "1",
    "object_repr": "Crypto",
    "action_flag": 1,
    "change_message": "[{\"added\": {}}]"
  }
},
{
  "model": "admin.logentry",
  "pk": 11,
  "fields": {
    "action_time": "2023-11-30T09:57:24.193Z",
    "user": 2,
    "content_type": 9,
    "object_id": "2",
    "object_repr": "IT",
    "action_flag": 1,
    "change_message": "[{\"added\": {}}]"
  }
},
{
  "model": "admin.logentry",
  "pk": 12,
  "fields": {
    "action_time": "2023-11-30T09:57:34.621Z",
    "user": 2,
    "content_type": 9,
    "object_id": "3",
    "object_repr": "Science",
    "action_flag": 1,
    "change_message": "[{\"added\": {}}]"
  }
},
{
  "model": "admin.logentry",
  "pk": 13,
  "fields": {
    "action_time": "2023-11-30T09:57:51.564Z",
    "user": 2,
    "content_type": 9,
    "object_id": "4",
    "object_repr": "Economics",
    "action_flag": 1,
    "change_message": "[{\"added\": {}}]"
  }
},
{
  "model": "admin.logentry",
  "pk": 14,
  "fields": {
    "action_time": "2023-11-30T10:40:23.067Z",
    "user": 2,
    "content_type": 7,
    "object_id": "1",
    "object_repr": "Новость: Новость 1 от 2023-11-24 11:25:12+00:00",
    "action_flag": 2,
    "change_message": "[{\"changed\": {\"fields\": [\"Tag\"]}}]"
  }
},
{
  "model": "admin.logentry",
  "pk": 15,
  "fields": {
    "action_time": "2023-11-30T10:41:24.820Z",
    "user": 2,
    "content_type": 9,
    "object_id": "5",
    "object_repr": "Animal",
    "action_flag": 1,
    "change_message": "[{\"added\": {}}]"
  }
},
{
  "model": "admin.logentry",
  "pk": 16,
  "fields": {
    "action_time": "2023-11-30T10:41:32.611Z",
    "user": 2,
    "content_type": 9,
    "object_id": "6",
    "object_repr": "Nature",
    "action_flag": 1,
    "change_message": "[{\"added\": {}}]"
  }
},
{
  "model": "admin.logentry",
  "pk": 17,
  "fields": {
    "action_time": "2023-11-30T10:41:35.182Z",
    "user": 2,
    "content_type": 7,
    "object_id": "1",
    "object_repr": "Новость: Новость 1 от 2023-11-24 11:25:12+00:00",
    "action_flag": 2,
    "change_message": "[{\"changed\": {\"fields\": [\"Tag\"]}}]"
  }
},
{
  "model": "admin.logentry",
  "pk": 18,
  "fields": {
    "action_time": "2023-11-30T11:05:45.103Z",
    "user": 2,
    "content_type": 7,
    "object_id": "2",
    "object_repr": "Новость: Новость 2 от 2023-11-24 11:28:07+00:00",
    "action_flag": 2,
    "change_message": "[{\"changed\": {\"fields\": [\"Tags\"]}}]"
  }
},
{
  "model": "admin.logentry",
  "pk": 19,
  "fields": {
    "action_time": "2023-11-30T11:35:26.250Z",
    "user": 2,
    "content_type": 7,
    "object_id": "3",
    "object_repr": "Новость: Новость 3 от 2023-11-27 13:07:44+00:00",
    "action_flag": 2,
    "change_message": "[{\"changed\": {\"fields\": [\"Tags\"]}}]"
  }
},
{
  "model": "admin.logentry",
  "pk": 20,
  "fields": {
    "action_time": "2023-12-08T21:27:27.760Z",
    "user": 2,
    "content_type": 7,
    "object_id": "4",
    "object_repr": "Новость: Новость 4 от 2023-12-09 00:04:09.916365+00:00",
    "action_flag": 3,
    "change_message": ""
  }
},
{
  "model": "admin.logentry",
  "pk": 21,
  "fields": {
    "action_time": "2023-12-08T21:27:27.763Z",
    "user": 2,
    "content_type": 7,
    "object_id": "5",
    "object_repr": "Новость: Новость 5 от 2023-12-09 00:04:09.916365+00:00",
    "action_flag": 3,
    "change_message": ""
  }
},
{
  "model": "admin.logentry",
  "pk": 22,
  "fields": {
    "action_time": "2023-12-08T21:27:27.766Z",
    "user": 2,
    "content_type": 7,
    "object_id": "6",
    "object_repr": "Новость: Новость 6 от 2023-12-09 00:04:09.916365+00:00",
    "action_flag": 3,
    "change_message": ""
  }
},
{
  "model": "admin.logentry",
  "pk": 23,
  "fields": {
    "action_time": "2023-12-08T21:27:27.768Z",
    "user": 2,
    "content_type": 7,
    "object_id": "7",
    "object_repr": "Новость: Новость 7 от 2023-12-09 00:04:09.916365+00:00",
    "action_flag": 3,
    "change_message": ""
  }
},
{
  "model": "admin.logentry",
  "pk": 24,
  "fields": {
    "action_time": "2023-12-08T21:27:27.770Z",
    "user": 2,
    "content_type": 7,
    "object_id": "8",
    "object_repr": "Новость: Новость 8 от 2023-12-09 00:04:09.916365+00:00",
    "action_flag": 3,
    "change_message": ""
  }
},
{
  "model": "admin.logentry",
  "pk": 25,
  "fields": {
    "action_time": "2023-12-08T21:45:29.029Z",
    "user": 2,
    "content_type": 7,
    "object_id": "9",
    "object_repr": "Новость: Новость 4 от 2023-12-09 01:44:33.218861+00:00",
    "action_flag": 3,
    "change_message": ""
  }
},
{
  "model": "admin.logentry",
  "pk": 26,
  "fields": {
    "action_time": "2023-12-08T21:45:29.032Z",
    "user": 2,
    "content_type": 7,
    "object_id": "10",
    "object_repr": "Новость: Новость 5 от 2023-12-09 01:44:33.218861+00:00",
    "action_flag": 3,
    "change_message": ""
  }
},
{
  "model": "admin.logentry",
  "pk": 27,
  "fields": {
    "action_time": "2023-12-08T21:45:29.034Z",
    "user": 2,
    "content_type": 7,
    "object_id": "11",
    "object_repr": "Новость: Новость 6 от 2023-12-09 01:44:33.218861+00:00",
    "action_flag": 3,
    "change_message": ""
  }
},
{
  "model": "admin.logentry",
  "pk": 28,
  "fields": {
    "action_time": "2023-12-08T21:45:29.036Z",
    "user": 2,
    "content_type": 7,
    "object_id": "12",
    "object_repr": "Новость: Новость 7 от 2023-12-09 01:44:33.218861+00:00",
    "action_flag": 3,
    "change_message": ""
  }
},
{
  "model": "admin.logentry",
  "pk": 29,
  "fields": {
    "action_time": "2023-12-08T21:45:29.038Z",
    "user": 2,
    "content_type": 7,
    "object_id": "13",
    "object_repr": "Новость: Новость 8 от 2023-12-09 01:44:33.218861+00:00",
    "action_flag": 3,
    "change_message": ""
  }
},
{
  "model": "admin.logentry",
  "pk": 30,
  "fields": {
    "action_time": "2023-12-08T21:49:10.308Z",
    "user": 2,
    "content_type": 7,
    "object_id": "14",
    "object_repr": "Новость: Новость 4 от 2023-12-09 01:47:24.012485+00:00",
    "action_flag": 3,
    "change_message": ""
  }
},
{
  "model": "admin.logentry",
  "pk": 31,
  "fields": {
    "action_time": "2023-12-08T21:49:10.310Z",
    "user": 2,
    "content_type": 7,
    "object_id": "15",
    "object_repr": "Новость: Новость 5 от 2023-12-09 01:47:24.012485+00:00",
    "action_flag": 3,
    "change_message": ""
  }
},
{
  "model": "admin.logentry",
  "pk": 32,
  "fields": {
    "action_time": "2023-12-08T21:49:10.313Z",
    "user": 2,
    "content_type": 7,
    "object_id": "16",
    "object_repr": "Новость: Новость 6 от 2023-12-09 01:47:24.012485+00:00",
    "action_flag": 3,
    "change_message": ""
  }
},
{
  "model": "admin.logentry",
  "pk": 33,
  "fields": {
    "action_time": "2023-12-09T14:04:31.226Z",
    "user": 2,
    "content_type": 7,
    "object_id": "28",
    "object_repr": "Новость: Новость 10 от 2023-12-09 18:03:21.000687+00:00",
    "action_flag": 3,
    "change_message": ""
  }
},
{
  "model": "admin.logentry",
  "pk": 34,
  "fields": {
    "action_time": "2023-12-09T14:04:31.229Z",
    "user": 2,
    "content_type": 7,
    "object_id": "29",
    "object_repr": "Новость: Новость 11 от 2023-12-09 18:03:21.000687+00:00",
    "action_flag": 3,
    "change_message": ""
  }
},
{
  "model": "admin.logentry",
  "pk": 35,
  "fields": {
    "action_time": "2023-12-09T14:04:31.231Z",
    "user": 2,
    "content_type": 7,
    "object_id": "30",
    "object_repr": "Новость: Новость 12 от 2023-12-09 18:03:21.000687+00:00",
    "action_flag": 3,
    "change_message": ""
  }
},
{
  "model": "admin.logentry",
  "pk": 36,
  "fields": {
    "action_time": "2023-12-09T14:04:31.234Z",
    "user": 2,
    "content_type": 7,
    "object_id": "31",
    "object_repr": "Новость: Новость 13 от 2023-12-09 18:03:21.000687+00:00",
    "action_flag": 3,
    "change_message": ""
  }
},
{
  "model": "admin.logentry",
  "pk": 37,
  "fields": {
    "action_time": "2023-12-09T14:04:31.237Z",
    "user": 2,
    "content_type": 7,
    "object_id": "22",
    "object_repr": "Новость: Новость 4 от 2023-12-09 18:03:21.000687+00:00",
    "action_flag": 3,
    "change_message": ""
  }
},
{
  "model": "admin.logentry",
  "pk": 38,
  "fields": {
    "action_time": "2023-12-09T14:04:31.239Z",
    "user": 2,
    "content_type": 7,
    "object_id": "23",
    "object_repr": "Новость: Новость 5 от 2023-12-09 18:03:21.000687+00:00",
    "action_flag": 3,
    "change_message": ""
  }
},
{
  "model": "admin.logentry",
  "pk": 39,
  "fields": {
    "action_time": "2023-12-09T14:04:31.240Z",
    "user": 2,
    "content_type": 7,
    "object_id": "24",
    "object_repr": "Новость: Новость 6 от 2023-12-09 18:03:21.000687+00:00",
    "action_flag": 3,
    "change_message": ""
  }
},
{
  "model": "admin.logentry",
  "pk": 40,
  "fields": {
    "action_time": "2023-12-09T14:04:31.242Z",
    "user": 2,
    "content_type": 7,
    "object_id": "25",
    "object_repr": "Новость: Новость 7 от 2023-12-09 18:03:21.000687+00:00",
    "action_flag": 3,
    "change_message": ""
  }
},
{
  "model": "admin.logentry",
  "pk": 41,
  "fields": {
    "action_time": "2023-12-09T14:04:31.244Z",
    "user": 2,
    "content_type": 7,
    "object_id": "26",
    "object_repr": "Новость: Новость 8 от 2023-12-09 18:03:21.000687+00:00",
    "action_flag": 3,
    "change_message": ""
  }
},
{
  "model": "admin.logentry",
  "pk": 42,
  "fields": {
    "action_time": "2023-12-09T14:04:31.246Z",
    "user": 2,
    "content_type": 7,
    "object_id": "27",
    "object_repr": "Новость: Новость 9 от 2023-12-09 18:03:21.000687+00:00",
    "action_flag": 3,
    "change_message": ""
  }
},
{
  "model": "admin.logentry",
  "pk": 43,
  "fields": {
    "action_time": "2023-12-09T14:09:04.714Z",
    "user": 2,
    "content_type": 7,
    "object_id": "34",
    "object_repr": "Новость: Новость 10 от 2023-12-09 18:07:52.445544+00:00",
    "action_flag": 3,
    "change_message": ""
  }
},
{
  "model": "admin.logentry",
  "pk": 44,
  "fields": {
    "action_time": "2023-12-09T14:09:04.717Z",
    "user": 2,
    "content_type": 7,
    "object_id": "35",
    "object_repr": "Новость: Новость 11 от 2023-12-09 18:07:52.445544+00:00",
    "action_flag": 3,
    "change_message": ""
  }
},
{
  "model": "admin.logentry",
  "pk": 45,
  "fields": {
    "action_time": "2023-12-09T14:09:04.720Z",
    "user": 2,
    "content_type": 7,
    "object_id": "36",
    "object_repr": "Новость: Новость 12 от 2023-12-09 18:07:52.445544+00:00",
    "action_flag": 3,
    "change_message": ""
  }
},
{
  "model": "admin.logentry",
  "pk": 46,
  "fields": {
    "action_time": "2023-12-09T14:09:04.722Z",
    "user": 2,
    "content_type": 7,
    "object_id": "37",
    "object_repr": "Новость: Новость 13 от 2023-12-09 18:07:52.445544+00:00",
    "action_flag": 3,
    "change_message": ""
  }
},
{
  "model": "admin.logentry",
  "pk": 47,
  "fields": {
    "action_time": "2023-12-09T14:09:04.724Z",
    "user": 2,
    "content_type": 7,
    "object_id": "38",
    "object_repr": "Новость: Новость 14 от 2023-12-09 18:07:52.445544+00:00",
    "action_flag": 3,
    "change_message": ""
  }
},
{
  "model": "admin.logentry",
  "pk": 48,
  "fields": {
    "action_time": "2023-12-09T14:09:04.727Z",
    "user": 2,
    "content_type": 7,
    "object_id": "39",
    "object_repr": "Новость: Новость 15 от 2023-12-09 18:07:52.445544+00:00",
    "action_flag": 3,
    "change_message": ""
  }
},
{
  "model": "admin.logentry",
  "pk": 49,
  "fields": {
    "action_time": "2023-12-09T14:09:04.729Z",
    "user": 2,
    "content_type": 7,
    "object_id": "40",
    "object_repr": "Новость: Новость 16 от 2023-12-09 18:07:52.445544+00:00",
    "action_flag": 3,
    "change_message": ""
  }
},
{
  "model": "admin.logentry",
  "pk": 50,
  "fields": {
    "action_time": "2023-12-09T14:09:04.731Z",
    "user": 2,
    "content_type": 7,
    "object_id": "41",
    "object_repr": "Новость: Новость 17 от 2023-12-09 18:07:52.445544+00:00",
    "action_flag": 3,
    "change_message": ""
  }
},
{
  "model": "admin.logentry",
  "pk": 51,
  "fields": {
    "action_time": "2023-12-09T14:09:04.733Z",
    "user": 2,
    "content_type": 7,
    "object_id": "32",
    "object_repr": "Новость: Новость 8 от 2023-12-09 18:07:52.445544+00:00",
    "action_flag": 3,
    "change_message": ""
  }
},
{
  "model": "admin.logentry",
  "pk": 52,
  "fields": {
    "action_time": "2023-12-09T14:09:04.735Z",
    "user": 2,
    "content_type": 7,
    "object_id": "33",
    "object_repr": "Новость: Новость 9 от 2023-12-09 18:07:52.445544+00:00",
    "action_flag": 3,
    "change_message": ""
  }
},
{
  "model": "admin.logentry",
  "pk": 53,
  "fields": {
    "action_time": "2023-12-09T16:35:08.886Z",
    "user": 2,
    "content_type": 7,
    "object_id": "53",
    "object_repr": "Новость: тест от 2023-12-10 20:19:00+00:00",
    "action_flag": 3,
    "change_message": ""
  }
},
{
  "model": "admin.logentry",
  "pk": 54,
  "fields": {
    "action_time": "2023-12-09T16:35:08.889Z",
    "user": 2,
    "content_type": 7,
    "object_id": "52",
    "object_repr": "Новость: тест от 2023-12-10 20:19:00+00:00",
    "action_flag": 3,
    "change_message": ""
  }
},
{
  "model": "admin.logentry",
  "pk": 55,
  "fields": {
    "action_time": "2023-12-09T16:36:14.997Z",
    "user": 2,
    "content_type": 7,
    "object_id": "54",
    "object_repr": "Новость: test от 2023-12-09 20:34:03+00:00",
    "action_flag": 3,
    "change_message": ""
  }
},
{
  "model": "admin.logentry",
  "pk": 56,
  "fields": {
    "action_time": "2023-12-09T17:18:45.121Z",
    "user": 2,
    "content_type": 7,
    "object_id": "44",
    "object_repr": "Новость: Новость 11 от 2023-12-09 18:09:10+00:00",
    "action_flag": 2,
    "change_message": "[{\"changed\": {\"fields\": [\"\\u041a\\u0430\\u0442\\u0435\\u0433\\u043e\\u0440\\u0438\\u0438\"]}}]"
  }
},
{
  "model": "admin.logentry",
  "pk": 57,
  "fields": {
    "action_time": "2023-12-09T20:05:03.535Z",
    "user": 2,
    "content_type": 10,
    "object_id": "1",
    "object_repr": "",
    "action_flag": 1,
    "change_message": "[{\"added\": {}}]"
  }
},
{
  "model": "admin.logentry",
  "pk": 58,
  "fields": {
    "action_time": "2023-12-10T20:56:49.369Z",
    "user": 2,
    "content_type": 3,
    "object_id": "1",
    "object_repr": "Authors",
    "action_flag": 1,
    "change_message": "[{\"added\": {}}]"
  }
},
{
  "model": "admin.logentry",
  "pk": 59,
  "fields": {
    "action_time": "2023-12-11T20:27:54.103Z",
    "user": 2,
    "content_type": 7,
    "object_id": "53",
    "object_repr": "Новость: Новость 1 от 2023-12-12 00:20:08.327743+00:00",
    "action_flag": 3,
    "change_message": ""
  }
},
{
  "model": "admin.logentry",
  "pk": 60,
  "fields": {
    "action_time": "2023-12-11T20:54:17.809Z",
    "user": 2,
    "content_type": 7,
    "object_id": "2",
    "object_repr": "Новость: Новость 2 от 2023-11-24 11:28:07+00:00",
    "action_flag": 2,
    "change_message": "[{\"added\": {\"name\": \"image\", \"object\": \"\"}}]"
  }
},
{
  "model": "admin.logentry",
  "pk": 61,
  "fields": {
    "action_time": "2023-12-11T20:55:37.596Z",
    "user": 2,
    "content_type": 7,
    "object_id": "3",
    "object_repr": "Новость: Новость 3 от 2023-11-27 13:07:44+00:00",
    "action_flag": 2,
    "change_message": "[{\"added\": {\"name\": \"image\", \"object\": \"\"}}]"
  }
},
{
  "model": "admin.logentry",
  "pk": 62,
  "fields": {
    "action_time": "2023-12-11T20:57:13.117Z",
    "user": 2,
    "content_type": 7,
    "object_id": "17",
    "object_repr": "Новость: Новость 4 от 2023-12-09 01:48:47+00:00",
    "action_flag": 2,
    "change_message": "[{\"changed\": {\"fields\": [\"\\u041a\\u0430\\u0442\\u0435\\u0433\\u043e\\u0440\\u0438\\u0438\", \"Tags\"]}}, {\"added\": {\"name\": \"image\", \"object\": \"\"}}]"
  }
},
{
  "model": "admin.logentry",
  "pk": 63,
  "fields": {
    "action_time": "2023-12-11T20:58:53.169Z",
    "user": 2,
    "content_type": 7,
    "object_id": "18",
    "object_repr": "Новость: Новость 5 от 2023-12-09 01:48:47+00:00",
    "action_flag": 2,
    "change_message": "[{\"changed\": {\"fields\": [\"\\u041a\\u0430\\u0442\\u0435\\u0433\\u043e\\u0440\\u0438\\u0438\", \"Tags\"]}}, {\"added\": {\"name\": \"image\", \"object\": \"\"}}]"
  }
},
{
  "model": "admin.logentry",
  "pk": 64,
  "fields": {
    "action_time": "2023-12-11T20:59:54.950Z",
    "user": 2,
    "content_type": 7,
    "object_id": "1",
    "object_repr": "Новость: Новость 1 от 2023-11-24 11:25:12+00:00",
    "action_flag": 2,
    "change_message": "[{\"added\": {\"name\": \"image\", \"object\": \"\"}}]"
  }
},
{
  "model": "admin.logentry",
  "pk": 65,
  "fields": {
    "action_time": "2023-12-11T21:01:11.595Z",
    "user": 2,
    "content_type": 7,
    "object_id": "19",
    "object_repr": "Новость: Новость 6 от 2023-12-09 01:48:47+00:00",
    "action_flag": 2,
    "change_message": "[{\"changed\": {\"fields\": [\"\\u041a\\u0430\\u0442\\u0435\\u0433\\u043e\\u0440\\u0438\\u0438\", \"Tags\"]}}, {\"added\": {\"name\": \"image\", \"object\": \"\"}}]"
  }
},
{
  "model": "admin.logentry",
  "pk": 66,
  "fields": {
    "action_time": "2023-12-11T22:15:28.715Z",
    "user": 2,
    "content_type": 7,
    "object_id": "20",
    "object_repr": "Новость: Новость 7 от 2023-12-09 01:48:47+00:00",
    "action_flag": 2,
    "change_message": "[{\"changed\": {\"fields\": [\"\\u041a\\u0430\\u0442\\u0435\\u0433\\u043e\\u0440\\u0438\\u0438\", \"Tags\"]}}, {\"added\": {\"name\": \"image\", \"object\": \"\"}}]"
  }
},
{
  "model": "admin.logentry",
  "pk": 67,
  "fields": {
    "action_time": "2023-12-11T22:16:35.925Z",
    "user": 2,
    "content_type": 7,
    "object_id": "21",
    "object_repr": "Новость: Новость 8 от 2023-12-09 01:48:47+00:00",
    "action_flag": 2,
    "change_message": "[{\"changed\": {\"fields\": [\"\\u041a\\u0430\\u0442\\u0435\\u0433\\u043e\\u0440\\u0438\\u0438\", \"Tags\"]}}, {\"added\": {\"name\": \"image\", \"object\": \"\"}}]"
  }
},
{
  "model": "admin.logentry",
  "pk": 68,
  "fields": {
    "action_time": "2023-12-11T22:17:49.849Z",
    "user": 2,
    "content_type": 7,
    "object_id": "44",
    "object_repr": "Новость: Новость 11 от 2023-12-09 18:09:10+00:00",
    "action_flag": 2,
    "change_message": "[{\"changed\": {\"fields\": [\"Tags\"]}}, {\"added\": {\"name\": \"image\", \"object\": \"\"}}]"
  }
},
{
  "model": "admin.logentry",
  "pk": 69,
  "fields": {
    "action_time": "2023-12-11T22:20:02.779Z",
    "user": 2,
    "content_type": 7,
    "object_id": "43",
    "object_repr": "Новость: Новость 10 от 2023-12-09 18:09:10+00:00",
    "action_flag": 2,
    "change_message": "[{\"changed\": {\"fields\": [\"\\u041a\\u0430\\u0442\\u0435\\u0433\\u043e\\u0440\\u0438\\u0438\", \"Tags\"]}}, {\"added\": {\"name\": \"image\", \"object\": \"\"}}]"
  }
},
{
  "model": "admin.logentry",
  "pk": 70,
  "fields": {
    "action_time": "2023-12-17T16:02:42.539Z",
    "user": 2,
    "content_type": 7,
    "object_id": "54",
    "object_repr": "Новость: khjkh от 2023-12-17 19:59:59.447748+00:00",
    "action_flag": 3,
    "change_message": ""
  }
},
{
  "model": "admin.logentry",
  "pk": 71,
  "fields": {
    "action_time": "2023-12-17T16:17:23.193Z",
    "user": 2,
    "content_type": 7,
    "object_id": "55",
    "object_repr": "Новость: gh от 2023-12-17 20:14:54.119065+00:00",
    "action_flag": 3,
    "change_message": ""
  }
},
{
  "model": "admin.logentry",
  "pk": 72,
  "fields": {
    "action_time": "2023-12-17T16:20:35.235Z",
    "user": 2,
    "content_type": 7,
    "object_id": "56",
    "object_repr": "Новость: h от 2023-12-17 20:19:52.408971+00:00",
    "action_flag": 3,
    "change_message": ""
  }
},
{
  "model": "admin.logentry",
  "pk": 73,
  "fields": {
    "action_time": "2023-12-17T16:29:58.292Z",
    "user": 2,
    "content_type": 7,
    "object_id": "53",
    "object_repr": "Новость: ggf от 2023-12-17 20:29:06.742639+00:00",
    "action_flag": 3,
    "change_message": ""
  }
},
{
  "model": "admin.logentry",
  "pk": 74,
  "fields": {
    "action_time": "2023-12-17T16:33:39.045Z",
    "user": 2,
    "content_type": 7,
    "object_id": "54",
    "object_repr": "Новость: f от 2023-12-17 20:32:59.864443+00:00",
    "action_flag": 3,
    "change_message": ""
  }
},
{
  "model": "admin.logentry",
  "pk": 75,
  "fields": {
    "action_time": "2023-12-17T16:42:11.831Z",
    "user": 2,
    "content_type": 7,
    "object_id": "55",
    "object_repr": "Новость: ff от 2023-12-17 20:41:31.023296+00:00",
    "action_flag": 3,
    "change_message": ""
  }
},
{
  "model": "admin.logentry",
  "pk": 76,
  "fields": {
    "action_time": "2023-12-18T07:24:56.865Z",
    "user": 2,
    "content_type": 4,
    "object_id": "4",
    "object_repr": "NewUser",
    "action_flag": 3,
    "change_message": ""
  }
},
{
  "model": "admin.logentry",
  "pk": 77,
  "fields": {
    "action_time": "2023-12-18T07:24:56.867Z",
    "user": 2,
    "content_type": 4,
    "object_id": "5",
    "object_repr": "Newuser1",
    "action_flag": 3,
    "change_message": ""
  }
},
{
  "model": "admin.logentry",
  "pk": 78,
  "fields": {
    "action_time": "2023-12-18T07:24:56.870Z",
    "user": 2,
    "content_type": 4,
    "object_id": "10",
    "object_repr": "anotherrrrrruser",
    "action_flag": 3,
    "change_message": ""
  }
},
{
  "model": "admin.logentry",
  "pk": 79,
  "fields": {
    "action_time": "2023-12-18T07:24:56.872Z",
    "user": 2,
    "content_type": 4,
    "object_id": "7",
    "object_repr": "anothersinuser",
    "action_flag": 3,
    "change_message": ""
  }
},
{
  "model": "admin.logentry",
  "pk": 80,
  "fields": {
    "action_time": "2023-12-18T07:24:56.875Z",
    "user": 2,
    "content_type": 4,
    "object_id": "8",
    "object_repr": "anothersinuser1",
    "action_flag": 3,
    "change_message": ""
  }
},
{
  "model": "admin.logentry",
  "pk": 81,
  "fields": {
    "action_time": "2023-12-18T07:24:56.877Z",
    "user": 2,
    "content_type": 4,
    "object_id": "9",
    "object_repr": "anothersinuser11",
    "action_flag": 3,
    "change_message": ""
  }
},
{
  "model": "admin.logentry",
  "pk": 82,
  "fields": {
    "action_time": "2023-12-18T07:24:56.879Z",
    "user": 2,
    "content_type": 4,
    "object_id": "6",
    "object_repr": "anotheruser",
    "action_flag": 3,
    "change_message": ""
  }
},
{
  "model": "admin.logentry",
  "pk": 83,
  "fields": {
    "action_time": "2023-12-18T07:24:56.881Z",
    "user": 2,
    "content_type": 4,
    "object_id": "11",
    "object_repr": "anotheruser123",
    "action_flag": 3,
    "change_message": ""
  }
},
{
  "model": "admin.logentry",
  "pk": 84,
  "fields": {
    "action_time": "2023-12-18T09:45:54.603Z",
    "user": 2,
    "content_type": 3,
    "object_id": "2",
    "object_repr": "Actions Required",
    "action_flag": 1,
    "change_message": "[{\"added\": {}}]"
  }
},
{
  "model": "admin.logentry",
  "pk": 85,
  "fields": {
    "action_time": "2023-12-18T09:47:44.230Z",
    "user": 2,
    "content_type": 3,
    "object_id": "3",
    "object_repr": "Reader",
    "action_flag": 1,
    "change_message": "[{\"added\": {}}]"
  }
},
{
  "model": "admin.logentry",
  "pk": 86,
  "fields": {
    "action_time": "2023-12-20T12:40:59.801Z",
    "user": 2,
    "content_type": 4,
    "object_id": "13",
    "object_repr": "FreshAutor",
    "action_flag": 3,
    "change_message": ""
  }
},
{
  "model": "admin.logentry",
  "pk": 87,
  "fields": {
    "action_time": "2023-12-24T08:33:34.476Z",
    "user": 2,
    "content_type": 3,
    "object_id": "1",
    "object_repr": "Authors",
    "action_flag": 2,
    "change_message": "[{\"changed\": {\"fields\": [\"Permissions\"]}}]"
  }
},
{
  "model": "admin.logentry",
  "pk": 88,
  "fields": {
    "action_time": "2023-12-24T08:34:08.711Z",
    "user": 2,
    "content_type": 3,
    "object_id": "2",
    "object_repr": "Actions Required",
    "action_flag": 2,
    "change_message": "[]"
  }
},
{
  "model": "admin.logentry",
  "pk": 89,
  "fields": {
    "action_time": "2023-12-24T08:34:13.665Z",
    "user": 2,
    "content_type": 3,
    "object_id": "3",
    "object_repr": "Reader",
    "action_flag": 2,
    "change_message": "[]"
  }
},
{
  "model": "admin.logentry",
  "pk": 90,
  "fields": {
    "action_time": "2023-12-24T08:34:17.902Z",
    "user": 2,
    "content_type": 3,
    "object_id": "1",
    "object_repr": "Authors",
    "action_flag": 2,
    "change_message": "[]"
  }
},
{
  "model": "admin.logentry",
  "pk": 91,
  "fields": {
    "action_time": "2023-12-24T08:34:20.512Z",
    "user": 2,
    "content_type": 3,
    "object_id": "2",
    "object_repr": "Actions Required",
    "action_flag": 2,
    "change_message": "[]"
  }
},
{
  "model": "auth.permission",
  "pk": 1,
  "fields": {
    "name": "Can add log entry",
    "content_type": 1,
    "codename": "add_logentry"
  }
},
{
  "model": "auth.permission",
  "pk": 2,
  "fields": {
    "name": "Can change log entry",
    "content_type": 1,
    "codename": "change_logentry"
  }
},
{
  "model": "auth.permission",
  "pk": 3,
  "fields": {
    "name": "Can delete log entry",
    "content_type": 1,
    "codename": "delete_logentry"
  }
},
{
  "model": "auth.permission",
  "pk": 4,
  "fields": {
    "name": "Can view log entry",
    "content_type": 1,
    "codename": "view_logentry"
  }
},
{
  "model": "auth.permission",
  "pk": 5,
  "fields": {
    "name": "Can add permission",
    "content_type": 2,
    "codename": "add_permission"
  }
},
{
  "model": "auth.permission",
  "pk": 6,
  "fields": {
    "name": "Can change permission",
    "content_type": 2,
    "codename": "change_permission"
  }
},
{
  "model": "auth.permission",
  "pk": 7,
  "fields": {
    "name": "Can delete permission",
    "content_type": 2,
    "codename": "delete_permission"
  }
},
{
  "model": "auth.permission",
  "pk": 8,
  "fields": {
    "name": "Can view permission",
    "content_type": 2,
    "codename": "view_permission"
  }
},
{
  "model": "auth.permission",
  "pk": 9,
  "fields": {
    "name": "Can add group",
    "content_type": 3,
    "codename": "add_group"
  }
},
{
  "model": "auth.permission",
  "pk": 10,
  "fields": {
    "name": "Can change group",
    "content_type": 3,
    "codename": "change_group"
  }
},
{
  "model": "auth.permission",
  "pk": 11,
  "fields": {
    "name": "Can delete group",
    "content_type": 3,
    "codename": "delete_group"
  }
},
{
  "model": "auth.permission",
  "pk": 12,
  "fields": {
    "name": "Can view group",
    "content_type": 3,
    "codename": "view_group"
  }
},
{
  "model": "auth.permission",
  "pk": 13,
  "fields": {
    "name": "Can add user",
    "content_type": 4,
    "codename": "add_user"
  }
},
{
  "model": "auth.permission",
  "pk": 14,
  "fields": {
    "name": "Can change user",
    "content_type": 4,
    "codename": "change_user"
  }
},
{
  "model": "auth.permission",
  "pk": 15,
  "fields": {
    "name": "Can delete user",
    "content_type": 4,
    "codename": "delete_user"
  }
},
{
  "model": "auth.permission",
  "pk": 16,
  "fields": {
    "name": "Can view user",
    "content_type": 4,
    "codename": "view_user"
  }
},
{
  "model": "auth.permission",
  "pk": 17,
  "fields": {
    "name": "Can add content type",
    "content_type": 5,
    "codename": "add_contenttype"
  }
},
{
  "model": "auth.permission",
  "pk": 18,
  "fields": {
    "name": "Can change content type",
    "content_type": 5,
    "codename": "change_contenttype"
  }
},
{
  "model": "auth.permission",
  "pk": 19,
  "fields": {
    "name": "Can delete content type",
    "content_type": 5,
    "codename": "delete_contenttype"
  }
},
{
  "model": "auth.permission",
  "pk": 20,
  "fields": {
    "name": "Can view content type",
    "content_type": 5,
    "codename": "view_contenttype"
  }
},
{
  "model": "auth.permission",
  "pk": 21,
  "fields": {
    "name": "Can add session",
    "content_type": 6,
    "codename": "add_session"
  }
},
{
  "model": "auth.permission",
  "pk": 22,
  "fields": {
    "name": "Can change session",
    "content_type": 6,
    "codename": "change_session"
  }
},
{
  "model": "auth.permission",
  "pk": 23,
  "fields": {
    "name": "Can delete session",
    "content_type": 6,
    "codename": "delete_session"
  }
},
{
  "model": "auth.permission",
  "pk": 24,
  "fields": {
    "name": "Can view session",
    "content_type": 6,
    "codename": "view_session"
  }
},
{
  "model": "auth.permission",
  "pk": 25,
  "fields": {
    "name": "Can add article",
    "content_type": 7,
    "codename": "add_article"
  }
},
{
  "model": "auth.permission",
  "pk": 26,
  "fields": {
    "name": "Can change article",
    "content_type": 7,
    "codename": "change_article"
  }
},
{
  "model": "auth.permission",
  "pk": 27,
  "fields": {
    "name": "Can delete article",
    "content_type": 7,
    "codename": "delete_article"
  }
},
{
  "model": "auth.permission",
  "pk": 28,
  "fields": {
    "name": "Can view article",
    "content_type": 7,
    "codename": "view_article"
  }
},
{
  "model": "auth.permission",
  "pk": 29,
  "fields": {
    "name": "Can add account",
    "content_type": 8,
    "codename": "add_account"
  }
},
{
  "model": "auth.permission",
  "pk": 30,
  "fields": {
    "name": "Can change account",
    "content_type": 8,
    "codename": "change_account"
  }
},
{
  "model": "auth.permission",
  "pk": 31,
  "fields": {
    "name": "Can delete account",
    "content_type": 8,
    "codename": "delete_account"
  }
},
{
  "model": "auth.permission",
  "pk": 32,
  "fields": {
    "name": "Can view account",
    "content_type": 8,
    "codename": "view_account"
  }
},
{
  "model": "auth.permission",
  "pk": 33,
  "fields": {
    "name": "Can add Тэг",
    "content_type": 9,
    "codename": "add_tag"
  }
},
{
  "model": "auth.permission",
  "pk": 34,
  "fields": {
    "name": "Can change Тэг",
    "content_type": 9,
    "codename": "change_tag"
  }
},
{
  "model": "auth.permission",
  "pk": 35,
  "fields": {
    "name": "Can delete Тэг",
    "content_type": 9,
    "codename": "delete_tag"
  }
},
{
  "model": "auth.permission",
  "pk": 36,
  "fields": {
    "name": "Can view Тэг",
    "content_type": 9,
    "codename": "view_tag"
  }
},
{
  "model": "auth.permission",
  "pk": 37,
  "fields": {
    "name": "Can add image",
    "content_type": 10,
    "codename": "add_image"
  }
},
{
  "model": "auth.permission",
  "pk": 38,
  "fields": {
    "name": "Can change image",
    "content_type": 10,
    "codename": "change_image"
  }
},
{
  "model": "auth.permission",
  "pk": 39,
  "fields": {
    "name": "Can delete image",
    "content_type": 10,
    "codename": "delete_image"
  }
},
{
  "model": "auth.permission",
  "pk": 40,
  "fields": {
    "name": "Can view image",
    "content_type": 10,
    "codename": "view_image"
  }
},
{
  "model": "auth.permission",
  "pk": 41,
  "fields": {
    "name": "Can add view count",
    "content_type": 11,
    "codename": "add_viewcount"
  }
},
{
  "model": "auth.permission",
  "pk": 42,
  "fields": {
    "name": "Can change view count",
    "content_type": 11,
    "codename": "change_viewcount"
  }
},
{
  "model": "auth.permission",
  "pk": 43,
  "fields": {
    "name": "Can delete view count",
    "content_type": 11,
    "codename": "delete_viewcount"
  }
},
{
  "model": "auth.permission",
  "pk": 44,
  "fields": {
    "name": "Can view view count",
    "content_type": 11,
    "codename": "view_viewcount"
  }
},
{
  "model": "auth.permission",
  "pk": 45,
  "fields": {
    "name": "Can add favorite article",
    "content_type": 12,
    "codename": "add_favoritearticle"
  }
},
{
  "model": "auth.permission",
  "pk": 46,
  "fields": {
    "name": "Can change favorite article",
    "content_type": 12,
    "codename": "change_favoritearticle"
  }
},
{
  "model": "auth.permission",
  "pk": 47,
  "fields": {
    "name": "Can delete favorite article",
    "content_type": 12,
    "codename": "delete_favoritearticle"
  }
},
{
  "model": "auth.permission",
  "pk": 48,
  "fields": {
    "name": "Can view favorite article",
    "content_type": 12,
    "codename": "view_favoritearticle"
  }
},
{
  "model": "auth.group",
  "pk": 1,
  "fields": {
    "name": "Authors",
    "permissions": [
      25,
      26,
      27,
      28,
      37,
      38,
      39,
      40,
      33,
      34,
      35,
      36,
      30,
      32
    ]
  }
},
{
  "model": "auth.group",
  "pk": 2,
  "fields": {
    "name": "Actions Required",
    "permissions": [
      14,
      16,
      28,
      40,
      36,
      30,
      32
    ]
  }
},
{
  "model": "auth.group",
  "pk": 3,
  "fields": {
    "name": "Reader",
    "permissions": [
      28,
      40,
      36,
      30,
      32
    ]
  }
},
{
  "model": "auth.user",
  "pk": 2,
  "fields": {
    "password": "pbkdf2_sha256$600000$PwED8woyDFnRvFNSFQwnnK$HEM4NPvc63+5uGXMmYzrdWWsJxAZ2VImOj03dY/MPVY=",
    "last_login": "2023-12-24T08:40:08.318Z",
    "is_superuser": true,
    "username": "admin",
    "first_name": "",
    "last_name": "",
    "email": "487651@gmail.com",
    "is_staff": true,
    "is_active": true,
    "date_joined": "2023-11-23T18:59:26.713Z",
    "groups": [],
    "user_permissions": []
  }
},
{
  "model": "auth.user",
  "pk": 3,
  "fields": {
    "password": "pbkdf2_sha256$600000$tYD0vRgheu21LTN9b4tldy$ZRU5DmAimNkxlhg1cYavS/1XKLkMqNzg6v76/3ZDgqo=",
    "last_login": null,
    "is_superuser": false,
    "username": "DemoUser",
    "first_name": "",
    "last_name": "",
    "email": "",
    "is_staff": false,
    "is_active": true,
    "date_joined": "2023-11-27T12:55:21.254Z",
    "groups": [],
    "user_permissions": []
  }
},
{
  "model": "auth.user",
  "pk": 12,
  "fields": {
    "password": "pbkdf2_sha256$600000$9HeVByfK7do4RYTBAZ4wEL$a0cqi3KkYk/DjjrIwV/MV3QVDYmRRcEijM8gFgoNWNw=",
    "last_login": "2023-12-18T07:52:22.894Z",
    "is_superuser": false,
    "username": "anotheruser",
    "first_name": "",
    "last_name": "",
    "email": "",
    "is_staff": false,
    "is_active": true,
    "date_joined": "2023-12-18T07:52:22.299Z",
    "groups": [
      1
    ],
    "user_permissions": []
  }
},
{
  "model": "auth.user",
  "pk": 14,
  "fields": {
    "password": "pbkdf2_sha256$600000$dUhsl22n0XQrg86O6oejTJ$fGxv5SiUzDceEOwF9Yz5X8ExhO94hHO1Bp84jy94B6E=",
    "last_login": "2023-12-23T19:55:21.441Z",
    "is_superuser": false,
    "username": "FreshAutor",
    "first_name": "",
    "last_name": "",
    "email": "",
    "is_staff": false,
    "is_active": true,
    "date_joined": "2023-12-20T12:41:34.064Z",
    "groups": [
      3
    ],
    "user_permissions": []
  }
},
{
  "model": "auth.user",
  "pk": 15,
  "fields": {
    "password": "pbkdf2_sha256$600000$fPBZz9SgInAKRAonuYFyEY$hd8Jb+TDrF6iJfJQlnDdRQvmzQS2sbPXMPEoNX4gsLk=",
    "last_login": "2023-12-20T12:49:48.322Z",
    "is_superuser": false,
    "username": "FreshAutor_",
    "first_name": "",
    "last_name": "",
    "email": "",
    "is_staff": false,
    "is_active": true,
    "date_joined": "2023-12-20T12:49:47.709Z",
    "groups": [
      3
    ],
    "user_permissions": []
  }
},
{
  "model": "auth.user",
  "pk": 16,
  "fields": {
    "password": "pbkdf2_sha256$600000$UdE4hYffTLpL1HjK1t2kcv$jap3ZX/76StylIB7mSSRdasbqEa+BxajY94C2T1JUL4=",
    "last_login": "2023-12-21T11:41:32.579Z",
    "is_superuser": false,
    "username": "freshAutor__",
    "first_name": "",
    "last_name": "",
    "email": "",
    "is_staff": false,
    "is_active": true,
    "date_joined": "2023-12-20T12:51:16.948Z",
    "groups": [
      1
    ],
    "user_permissions": []
  }
},
{
  "model": "contenttypes.contenttype",
  "pk": 1,
  "fields": {
    "app_label": "admin",
    "model": "logentry"
  }
},
{
  "model": "contenttypes.contenttype",
  "pk": 2,
  "fields": {
    "app_label": "auth",
    "model": "permission"
  }
},
{
  "model": "contenttypes.contenttype",
  "pk": 3,
  "fields": {
    "app_label": "auth",
    "model": "group"
  }
},
{
  "model": "contenttypes.contenttype",
  "pk": 4,
  "fields": {
    "app_label": "auth",
    "model": "user"
  }
},
{
  "model": "contenttypes.contenttype",
  "pk": 5,
  "fields": {
    "app_label": "contenttypes",
    "model": "contenttype"
  }
},
{
  "model": "contenttypes.contenttype",
  "pk": 6,
  "fields": {
    "app_label": "sessions",
    "model": "session"
  }
},
{
  "model": "contenttypes.contenttype",
  "pk": 7,
  "fields": {
    "app_label": "news",
    "model": "article"
  }
},
{
  "model": "contenttypes.contenttype",
  "pk": 8,
  "fields": {
    "app_label": "users",
    "model": "account"
  }
},
{
  "model": "contenttypes.contenttype",
  "pk": 9,
  "fields": {
    "app_label": "news",
    "model": "tag"
  }
},
{
  "model": "contenttypes.contenttype",
  "pk": 10,
  "fields": {
    "app_label": "news",
    "model": "image"
  }
},
{
  "model": "contenttypes.contenttype",
  "pk": 11,
  "fields": {
    "app_label": "news",
    "model": "viewcount"
  }
},
{
  "model": "contenttypes.contenttype",
  "pk": 12,
  "fields": {
    "app_label": "users",
    "model": "favoritearticle"
  }
},
{
  "model": "sessions.session",
  "pk": "1iqwtplth19sy4enudzbtddw0t7a0bvl",
  "fields": {
    "session_data": ".eJxVjEEOwiAQRe_C2hAGEKlL956BzDBTqRqalHZlvLuSdKHb_977L5VwW0vamixpYnVWVh1-N8L8kNoB37HeZp3nui4T6a7onTZ9nVmel939OyjYyreOLntyQ0C0LsJoAkemIQh4Bog2BzF-NCciMBklRoRgQahzPPrM6v0B3NY4GQ:1rBgVE:oH2wIGf3Z6KT-u-ywl8NxNEVQ044_L5cz5VCE5JpS_Y",
    "expire_date": "2023-12-22T19:27:12.500Z"
  }
},
{
  "model": "sessions.session",
  "pk": "213evk7heq6ltvztqs1amzx4nsocbz7t",
  "fields": {
    "session_data": ".eJxVjEEOwiAQRe_C2hAGEKlL956BzDBTqRqalHZlvLuSdKHb_977L5VwW0vamixpYnVWVh1-N8L8kNoB37HeZp3nui4T6a7onTZ9nVmel939OyjYyreOLntyQ0C0LsJoAkemIQh4Bog2BzF-NCciMBklRoRgQahzPPrM6v0B3NY4GQ:1r6F1E:TDUih4Iw9cSVXG8G6SLS63CcquGMGAMuGcUZGIstetg",
    "expire_date": "2023-12-07T19:05:44.835Z"
  }
},
{
  "model": "sessions.session",
  "pk": "58ydm8rth8z659fnst28953koddrj2c5",
  "fields": {
    "session_data": ".eJyrVipOzUlNLklNiU8sLcnIL1KyMtBBiCUnlqSm5xdVAkVrAV8fD8I:1rHMLs:R70DV2b9jHpRZbuJEJ3aopPxkI86fHZqB2iiKDGBCCY",
    "expire_date": "2024-01-07T11:09:00.165Z"
  }
},
{
  "model": "sessions.session",
  "pk": "oe4ujtjctkk82sssknzo9z9zb6s2taf7",
  "fields": {
    "session_data": ".eJxVjEEOwiAQRe_C2hAGEKlL956BzDBTqRqalHZlvLuSdKHb_977L5VwW0vamixpYnVWVh1-N8L8kNoB37HeZp3nui4T6a7onTZ9nVmel939OyjYyreOLntyQ0C0LsJoAkemIQh4Bog2BzF-NCciMBklRoRgQahzPPrM6v0B3NY4GQ:1r8dFp:uxd9gKy54y3OxksNf2MSuObZSrVJ7zDzArbT2IvfA8k",
    "expire_date": "2023-12-14T09:22:41.816Z"
  }
},
{
  "model": "news.tag",
  "pk": 1,
  "fields": {
    "title": "Crypto",
    "status": true
  }
},
{
  "model": "news.tag",
  "pk": 2,
  "fields": {
    "title": "IT",
    "status": true
  }
},
{
  "model": "news.tag",
  "pk": 3,
  "fields": {
    "title": "Science",
    "status": true
  }
},
{
  "model": "news.tag",
  "pk": 4,
  "fields": {
    "title": "Economics",
    "status": true
  }
},
{
  "model": "news.tag",
  "pk": 5,
  "fields": {
    "title": "Animal",
    "status": true
  }
},
{
  "model": "news.tag",
  "pk": 6,
  "fields": {
    "title": "Nature",
    "status": true
  }
},
{
  "model": "news.article",
  "pk": 1,
  "fields": {
    "date": "2023-11-24T11:25:12Z",
    "author": 2,
    "title": "Новость 1",
    "anouncement": "Успешная акция в Южной Америке спасла редкий вид капибары от исчезновения",
    "text": "В Южной Америке проведена успешная акция по защите исчезающих видов грызунов, благодаря которой удалось спасти популяцию редкого вида капибары.",
    "category": "S",
    "tags": [
      5,
      4,
      6
    ]
  }
},
{
  "model": "news.article",
  "pk": 2,
  "fields": {
    "date": "2023-11-24T11:28:07Z",
    "author": 2,
    "title": "Новость 2",
    "anouncement": "Ученые из Южной Америки обнаружили новый вид грызуна",
    "text": "Ученые из Южной Америки обнаружили новый вид грызуна, который ранее не был известен науке. Это открытие поможет лучше понять биоразнообразие региона и разработать меры по его сохранению.",
    "category": "S",
    "tags": [
      1,
      4,
      6
    ]
  }
},
{
  "model": "news.article",
  "pk": 3,
  "fields": {
    "date": "2023-11-27T13:07:44Z",
    "author": 3,
    "title": "Новость 3",
    "anouncement": "Кампания по борьбе с незаконной торговлей мехами грызунов в Южной Америке привлекла внимание к проблеме",
    "text": "Местные организации провели кампанию по борьбе с незаконной торговлей мехами грызунов в Южной Америке, что помогло привлечь внимание к проблеме и защитить этих животных от браконьеров.",
    "category": "S",
    "tags": [
      1
    ]
  }
},
{
  "model": "news.article",
  "pk": 17,
  "fields": {
    "date": "2023-12-09T01:48:47Z",
    "author": 3,
    "title": "Новость 4",
    "anouncement": "Капибары страдают от нестабильного климата в Южной Америке, что приводит к сокращению их численности.",
    "text": "Капибары находятся под угрозой из-за неустойчивого климата в Южной Америке, где происходят частые засухи и наводнения. Исследования показали, что капибары могут адаптироваться к этим условиям, но их численность все равно сокращается.",
    "category": "S",
    "tags": [
      5,
      6
    ]
  }
},
{
  "model": "news.article",
  "pk": 18,
  "fields": {
    "date": "2023-12-09T01:48:47Z",
    "author": 3,
    "title": "Новость 5",
    "anouncement": "В Южной Америке запущена кампания по защите капибаров от незаконной охоты и браконьерства.",
    "text": "В Южной Америке началась кампания по защите капибаров от браконьеров и охотников. Эти животные являются важными источниками пищи для местных жителей, но их численность быстро уменьшается из-за незаконной охоты.",
    "category": "S",
    "tags": [
      5,
      6
    ]
  }
},
{
  "model": "news.article",
  "pk": 19,
  "fields": {
    "date": "2023-12-09T01:48:47Z",
    "author": 3,
    "title": "Новость 6",
    "anouncement": "Капибары могут помочь бороться с эрозией почвы и сохранять ее плодородие благодаря своим зубам.",
    "text": "Научные исследования показали, что капибары могут помочь бороться с эрозией почвы и сохранять ее плодородие. Эти животные используют свои зубы для обработки почвы и уничтожения сорняков.",
    "category": "S",
    "tags": [
      5,
      6
    ]
  }
},
{
  "model": "news.article",
  "pk": 20,
  "fields": {
    "date": "2023-12-09T01:48:47Z",
    "author": 2,
    "title": "Новость 7",
    "anouncement": "В Южной Америке началась программа по восстановлению численности капибаров, которая включает создание новых заповедников и запрет на охоту на этих животных.",
    "text": "В Южной Америке началась программа по восстановлению численности капибаров в дикой природе. Эта программа включает в себя создание новых заповедников и запрет на охоту на этих животных.",
    "category": "E",
    "tags": [
      5,
      6
    ]
  }
},
{
  "model": "news.article",
  "pk": 21,
  "fields": {
    "date": "2023-12-09T01:48:47Z",
    "author": 2,
    "title": "Новость 8",
    "anouncement": "Ученые изучают социальное поведение и коммуникацию капибаров, выясняя, как они общаются друг с другом и заботятся о своих малышах.",
    "text": "Капибары стали объектом исследования для ученых, которые изучают их социальное поведение и коммуникацию. Исследования показали, что капибары общаются друг с другом через звуки и запахи, а также заботятся о своих малышах.",
    "category": "IT",
    "tags": [
      5,
      6,
      3
    ]
  }
},
{
  "model": "news.article",
  "pk": 42,
  "fields": {
    "date": "2023-12-09T18:09:10.801Z",
    "author": 3,
    "title": "Новость 9",
    "anouncement": "Бобры в России играют важную роль в экосистеме, создавая водные бассейны и озера.",
    "text": "Бобры в России стали спасателями экосистемы, благодаря своей способности создавать водные бассейны и озера, которые обеспечивают жизнь многим видам растительности и животных.",
    "category": "",
    "tags": []
  }
},
{
  "model": "news.article",
  "pk": 43,
  "fields": {
    "date": "2023-12-09T18:09:10Z",
    "author": 3,
    "title": "Новость 10",
    "anouncement": "На севере России обнаружен новый вид бобра, который приспособился к сильным морозам.",
    "text": "На севере России был обнаружен новый вид бобра, который может выживать в условиях сильных морозов и кратковременных периодов оттепели.",
    "category": "S",
    "tags": [
      1
    ]
  }
},
{
  "model": "news.article",
  "pk": 44,
  "fields": {
    "date": "2023-12-09T18:09:10Z",
    "author": 3,
    "title": "Новость 11",
    "anouncement": "В Центральной России началась работа по восстановлению популяции бобров.",
    "text": "В Центральной России началась активная работа по восстановлению популяции бобров, которые были почти полностью уничтожены в прошлом веке.",
    "category": "S",
    "tags": [
      4,
      2,
      6,
      3
    ]
  }
},
{
  "model": "news.article",
  "pk": 45,
  "fields": {
    "date": "2023-12-09T18:09:10.801Z",
    "author": 2,
    "title": "Новость 12",
    "anouncement": "Ученые изучают генетическое разнообразие бобров в России и соседних странах.",
    "text": "Специалисты из Российской академии наук проводят исследования по изучению генетического разнообразия бобров в России и соседних странах.",
    "category": "",
    "tags": []
  }
},
{
  "model": "news.article",
  "pk": 46,
  "fields": {
    "date": "2023-12-09T18:09:10.801Z",
    "author": 2,
    "title": "Новость 13",
    "anouncement": "Бобры-строители увеличивают площадь водных ресурсов, создавая дамбы и пруды.",
    "text": "Бобры-строители создают новые экосистемы на территории России, благодаря своей способности создавать дамбы и пруды, которые увеличивают площадь водных ресурсов.",
    "category": "",
    "tags": []
  }
},
{
  "model": "news.article",
  "pk": 47,
  "fields": {
    "date": "2023-12-09T18:09:10.801Z",
    "author": 2,
    "title": "Новость 14",
    "anouncement": "Открыта экологическая тропа для наблюдения за жизнью бобров и их влиянием на окружающую среду.",
    "text": "В России была открыта первая экологическая туристическая тропа, которая позволяет посетителям наблюдать за жизнью бобров и их влиянием на окружающую среду.",
    "category": "",
    "tags": []
  }
},
{
  "model": "news.article",
  "pk": 48,
  "fields": {
    "date": "2023-12-09T18:09:10.801Z",
    "author": 2,
    "title": "Новость 15",
    "anouncement": "Бобры в России стали объектом исследования для ученых.",
    "text": "Бобры в России стали объектом исследования для многих ученых, которые изучают их поведение, питание и влияние на экосистему.",
    "category": "",
    "tags": []
  }
},
{
  "model": "news.article",
  "pk": 49,
  "fields": {
    "date": "2023-12-09T18:09:10.801Z",
    "author": 3,
    "title": "Новость 16",
    "anouncement": "В Сибири обнаружена популяция бобров, которые создали много дамб на реке.",
    "text": "В Сибири была обнаружена популяция бобров, которые создали более 50 дамб на реке, что привело к значительному увеличению площади водных ресурсов.",
    "category": "",
    "tags": []
  }
},
{
  "model": "news.article",
  "pk": 50,
  "fields": {
    "date": "2023-12-09T18:09:10.801Z",
    "author": 3,
    "title": "Новость 17",
    "anouncement": "В России началась работа по сохранению популяции бобров, которые под угрозой из-за лесозаготовительных работ и загрязнения водных ресурсов.",
    "text": "В России началась активная работа по сохранению популяции бобров, которые находятся под угрозой из-за лесозаготовительных работ и загрязнения водных ресурсов.",
    "category": "",
    "tags": []
  }
},
{
  "model": "news.article",
  "pk": 51,
  "fields": {
    "date": "2023-12-09T18:09:10.801Z",
    "author": 2,
    "title": "Новость 18",
    "anouncement": "Бобры в России стали символом экологического движения и защищаются общественными организациями.",
    "text": "Бобры в России стали символом экологического движения и стали объектом защиты со стороны многих общественных организаций.",
    "category": "",
    "tags": []
  }
},
{
  "model": "news.article",
  "pk": 52,
  "fields": {
    "date": "2023-12-10T16:42:00.183Z",
    "author": 2,
    "title": "Новость 19",
    "anouncement": "Трое детенышей капибары появились на свет в Ленинградском зоопарке",
    "text": "Трое детенышей капибары появились на свет в Ленинградском зоопарке, сообщили в пресс-службе учреждения.\r\nМалыши родились еще 13 февраля у пары капибар Ермака и Кайсы. Это два мальчика и одна девочка. «Каждый при рождении весил около 1,2 килограмма, а спустя месяц крепыши уже весом по три килограмма», – подчеркивается в релизе.\r\nВетеринары осмотрели новорожденных и выяснили, что проблем со здоровьем у них нет, за они отличаются отменным аппетитом.",
    "category": "",
    "tags": [
      5,
      6
    ]
  }
},
{
  "model": "news.image",
  "pk": 1,
  "fields": {
    "article": 1,
    "title": "",
    "image": "article_images/lureey3-rms.jpg"
  }
},
{
  "model": "news.image",
  "pk": 2,
  "fields": {
    "article": 52,
    "title": "870x489_0x6_detail_crop_20220917184054_329030a3_11b606947cd5489a4c2d6f606038af5cdcbefcdbc9a2703ebf8aafc75947892f.jpg",
    "image": "article_images/870x489_0x6_detail_crop_20220917184054_329030a3_11b606947cd5489a4c2d6f606_WFSiKSX.jpg"
  }
},
{
  "model": "news.image",
  "pk": 3,
  "fields": {
    "article": 52,
    "title": "870x489_0x384_detail_crop_20230313173322_e07d916b_3c4598eaf8af826fa38cdbcf310ec01cb9cc0e68677051e5183818d2480091e4.jpg",
    "image": "article_images/870x489_0x384_detail_crop_20230313173322_e07d916b_3c4598eaf8af826fa38cdbc_VyYKaO1.jpg"
  }
},
{
  "model": "news.image",
  "pk": 5,
  "fields": {
    "article": 2,
    "title": "",
    "image": "article_images/scale_1200.jpg"
  }
},
{
  "model": "news.image",
  "pk": 6,
  "fields": {
    "article": 3,
    "title": "",
    "image": "article_images/7b679a6c8d0c11eea43e6ac6a1596643_upscaled.jpg"
  }
},
{
  "model": "news.image",
  "pk": 7,
  "fields": {
    "article": 17,
    "title": "",
    "image": "article_images/Без_названия.jpg"
  }
},
{
  "model": "news.image",
  "pk": 8,
  "fields": {
    "article": 18,
    "title": "",
    "image": "article_images/1490242507184919491.jpg"
  }
},
{
  "model": "news.image",
  "pk": 9,
  "fields": {
    "article": 1,
    "title": "",
    "image": "article_images/zzH6O2fD8sY.jpg"
  }
},
{
  "model": "news.image",
  "pk": 10,
  "fields": {
    "article": 19,
    "title": "",
    "image": "article_images/cb4a8c100fad6d51c7e45.jpg"
  }
},
{
  "model": "news.image",
  "pk": 11,
  "fields": {
    "article": 20,
    "title": "",
    "image": "article_images/1656590277157171303.jpg"
  }
},
{
  "model": "news.image",
  "pk": 12,
  "fields": {
    "article": 21,
    "title": "",
    "image": "article_images/kapibara-10.jpg"
  }
},
{
  "model": "news.image",
  "pk": 13,
  "fields": {
    "article": 44,
    "title": "",
    "image": "article_images/wr-960.webp"
  }
},
{
  "model": "news.image",
  "pk": 14,
  "fields": {
    "article": 43,
    "title": "",
    "image": "article_images/72ZXfqWekug.jpg"
  }
},
{
  "model": "news.viewcount",
  "pk": 1,
  "fields": {
    "article": 1,
    "ip_address": "127.0.0.1",
    "view_date": "2023-12-21T19:57:31.326Z"
  }
},
{
  "model": "news.viewcount",
  "pk": 2,
  "fields": {
    "article": 3,
    "ip_address": "127.0.0.1",
    "view_date": "2023-12-21T20:01:46.834Z"
  }
},
{
  "model": "news.viewcount",
  "pk": 3,
  "fields": {
    "article": 2,
    "ip_address": "127.0.0.1",
    "view_date": "2023-12-21T20:08:05.963Z"
  }
},
{
  "model": "news.viewcount",
  "pk": 4,
  "fields": {
    "article": 43,
    "ip_address": "127.0.0.1",
    "view_date": "2023-12-23T16:30:12.091Z"
  }
},
{
  "model": "news.viewcount",
  "pk": 5,
  "fields": {
    "article": 17,
    "ip_address": "127.0.0.1",
    "view_date": "2023-12-23T17:46:21.728Z"
  }
},
{
  "model": "news.viewcount",
  "pk": 6,
  "fields": {
    "article": 49,
    "ip_address": "127.0.0.1",
    "view_date": "2023-12-24T11:09:03.751Z"
  }
},
{
  "model": "users.account",
  "pk": 2,
  "fields": {
    "nickname": "Админос",
    "birthday": "2023-11-27",
    "gender": "M",
    "account_image": "account_images/default_aQZY8kd.jpg",
    "address": "0",
    "vk": "0",
    "instagram": "0",
    "telegram": "0",
    "phone": "0"
  }
},
{
  "model": "users.account",
  "pk": 3,
  "fields": {
    "nickname": "DemoUser",
    "birthday": "2023-11-27",
    "gender": "N/A",
    "account_image": "default.jpg",
    "address": "0",
    "vk": "0",
    "instagram": "0",
    "telegram": "0",
    "phone": "0"
  }
},
{
  "model": "users.account",
  "pk": 12,
  "fields": {
    "nickname": "anotheruser",
    "birthday": null,
    "gender": "",
    "account_image": "default.jpg",
    "address": "",
    "vk": "",
    "instagram": "",
    "telegram": "",
    "phone": ""
  }
},
{
  "model": "users.account",
  "pk": 14,
  "fields": {
    "nickname": "FreshAutor",
    "birthday": null,
    "gender": "",
    "account_image": "default.jpg",
    "address": "",
    "vk": "",
    "instagram": "",
    "telegram": "",
    "phone": ""
  }
},
{
  "model": "users.account",
  "pk": 15,
  "fields": {
    "nickname": "FreshAutor_",
    "birthday": null,
    "gender": "",
    "account_image": "default.jpg",
    "address": "",
    "vk": "",
    "instagram": "",
    "telegram": "",
    "phone": ""
  }
},
{
  "model": "users.account",
  "pk": 16,
  "fields": {
    "nickname": "freshAutor__",
    "birthday": null,
    "gender": "",
    "account_image": "default.jpg",
    "address": "",
    "vk": "",
    "instagram": "",
    "telegram": "",
    "phone": ""
  }
},
{
  "model": "users.favoritearticle",
  "pk": 3,
  "fields": {
    "user": 2,
    "article": 1,
    "create_at": "2023-12-23T17:11:00.804Z"
  }
},
{
  "model": "users.favoritearticle",
  "pk": 4,
  "fields": {
    "user": 2,
    "article": 2,
    "create_at": "2023-12-23T17:45:50.676Z"
  }
},
{
  "model": "users.favoritearticle",
  "pk": 5,
  "fields": {
    "user": 2,
    "article": 17,
    "create_at": "2023-12-23T17:46:06.610Z"
  }
}
]
